{
  "Ariyalur": {
    "count": 35,
    "center": [
      11.12859923425787,
      79.21425023741513
    ],
    "bounds": [
      [
        10.891713493835551,
        78.9983850746412
      ],
      [
        11.365484974680186,
        79.43011540018905
      ]
    ],
    "file": "data/ariyalur.geojson"
  },
  "Chengalpattu": {
    "count": 668,
    "center": [
      12.562939248411508,
      79.96021124934798
    ],
    "bounds": [
      [
        12.237749115560241,
        79.67391816829908
      ],
      [
        12.888129381262775,
        80.24650433039687
      ]
    ],
    "file": "data/chengalpattu.geojson"
  },
  "Chennai": {
    "count": 4,
    "center": [
      12.856508683261769,
      80.22638206803259
    ],
    "bounds": [
      [
        12.854352726579881,
        80.22458543746436
      ],
      [
        12.858664639943655,
        80.22817869860083
      ]
    ],
    "file": "data/chennai.geojson"
  },
  "Coimbatore": {
    "count": 9235,
    "center": [
      10.902044119602927,
      76.98517069140095
    ],
    "bounds": [
      [
        10.416504708536324,
        76.65989072702126
      ],
      [
        11.387583530669527,
        77.31045065578063
      ]
    ],
    "file": "data/coimbatore.geojson"
  },
  "Cuddalore": {
    "count": 444,
    "center": [
      11.531673302242297,
      79.35546540007871
    ],
    "bounds": [
      [
        11.203428897425024,
        78.91088916596796
      ],
      [
        11.859917707059571,
        79.80004163418947
      ]
    ],
    "file": "data/cuddalore.geojson"
  },
  "Dharmapuri": {
    "count": 1982,
    "center": [
      12.158877033614548,
      78.25934109039608
    ],
    "bounds": [
      [
        11.813923964512652,
        77.79625956143246
      ],
      [
        12.503830102716444,
        78.72242261935969
      ]
    ],
    "file": "data/dharmapuri.geojson"
  },
  "Dindigul": {
    "count": 6077,
    "center": [
      10.407072398053069,
      77.82877857471759
    ],
    "bounds": [
      [
        10.04406319174037,
        77.32141010224689
      ],
      [
        10.770081604365767,
        78.33614704718829
      ]
    ],
    "file": "data/dindigul.geojson"
  },
  "Erode": {
    "count": 7364,
    "center": [
      11.414982146835172,
      77.40315679310176
    ],
    "bounds": [
      [
        11.028257417021718,
        76.87548639520995
      ],
      [
        11.801706876648627,
        77.93082719099357
      ]
    ],
    "file": "data/erode.geojson"
  },
  "Kallakurichi": {
    "count": 482,
    "center": [
      11.797844120926912,
      79.03234139238091
    ],
    "bounds": [
      [
        11.530595323901355,
        78.65253369025518
      ],
      [
        12.06509291795247,
        79.41214909450666
      ]
    ],
    "file": "data/kallakurichi.geojson"
  },
  "Kancheepuram": {
    "count": 287,
    "center": [
      12.795692738526878,
      79.81171973288302
    ],
    "bounds": [
      [
        12.543715301331352,
        79.57348651953453
      ],
      [
        13.047670175722402,
        80.04995294623151
      ]
    ],
    "file": "data/kancheepuram.geojson"
  },
  "Kanniyakumari": {
    "count": 3968,
    "center": [
      8.291719567008421,
      77.34027472321338
    ],
    "bounds": [
      [
        8.084657894018871,
        77.09503465064876
      ],
      [
        8.49878123999797,
        77.58551479577802
      ]
    ],
    "file": "data/kanniyakumari.geojson"
  },
  "Karur": {
    "count": 1750,
    "center": [
      10.860002964306132,
      78.17022821421142
    ],
    "bounds": [
      [
        10.628147789474884,
        77.7642795373178
      ],
      [
        11.09185813913738,
        78.57617689110504
      ]
    ],
    "file": "data/karur.geojson"
  },
  "Krishnagiri": {
    "count": 4515,
    "center": [
      12.519909946302183,
      78.12513278694861
    ],
    "bounds": [
      [
        12.16821951256939,
        77.5997081772671
      ],
      [
        12.871600380034977,
        78.65055739663012
      ]
    ],
    "file": "data/krishnagiri.geojson"
  },
  "Madurai": {
    "count": 2722,
    "center": [
      9.974982746391579,
      77.99739235354681
    ],
    "bounds": [
      [
        9.645390868648127,
        77.54814487995864
      ],
      [
        10.304574624135032,
        78.44663982713499
      ]
    ],
    "file": "data/madurai.geojson"
  },
  "Mayiladuthurai": {
    "count": 321,
    "center": [
      11.181959162134568,
      79.68712340297564
    ],
    "bounds": [
      [
        10.984239968099862,
        79.53845222345386
      ],
      [
        11.379678356169276,
        79.83579458249743
      ]
    ],
    "file": "data/mayiladuthurai.geojson"
  },
  "Nagapattinam": {
    "count": 93,
    "center": [
      10.66803298808979,
      79.74901732605147
    ],
    "bounds": [
      [
        10.422074263297866,
        79.63906353527524
      ],
      [
        10.913991712881714,
        79.8589711168277
      ]
    ],
    "file": "data/nagapattinam.geojson"
  },
  "Namakkal": {
    "count": 4058,
    "center": [
      11.30080627422358,
      78.07078471225938
    ],
    "bounds": [
      [
        11.015321676930396,
        77.68630577065623
      ],
      [
        11.586290871516765,
        78.45526365386254
      ]
    ],
    "file": "data/namakkal.geojson"
  },
  "Perambalur": {
    "count": 189,
    "center": [
      11.294068909592685,
      78.90927219845655
    ],
    "bounds": [
      [
        11.087546225773607,
        78.66025920169862
      ],
      [
        11.500591593411762,
        79.15828519521448
      ]
    ],
    "file": "data/perambalur.geojson"
  },
  "Pudukkottai": {
    "count": 1186,
    "center": [
      10.311581483351164,
      78.83534085057352
    ],
    "bounds": [
      [
        9.897098811258417,
        78.42615823865707
      ],
      [
        10.726064155443911,
        79.24452346248995
      ]
    ],
    "file": "data/pudukkottai.geojson"
  },
  "Ramanathapuram": {
    "count": 242,
    "center": [
      9.525196283632933,
      78.76850619343503
    ],
    "bounds": [
      [
        9.14718521207544,
        78.23266112645773
      ],
      [
        9.903207355190428,
        79.30435126041232
      ]
    ],
    "file": "data/ramanathapuram.geojson"
  },
  "Ranipet": {
    "count": 706,
    "center": [
      12.91876193245125,
      79.48679909461698
    ],
    "bounds": [
      [
        12.641631667300379,
        79.19206184989737
      ],
      [
        13.195892197602124,
        79.7815363393366
      ]
    ],
    "file": "data/ranipet.geojson"
  },
  "Salem": {
    "count": 5335,
    "center": [
      11.674056274775243,
      78.24281208916827
    ],
    "bounds": [
      [
        11.369617224987136,
        77.6686987910875
      ],
      [
        11.978495324563347,
        78.81692538724906
      ]
    ],
    "file": "data/salem.geojson"
  },
  "Sivagangai": {
    "count": 1853,
    "center": [
      9.981630279494063,
      78.53233910524
    ],
    "bounds": [
      [
        9.57424429814586,
        78.12719891210209
      ],
      [
        10.389016260842267,
        78.9374792983779
      ]
    ],
    "file": "data/sivagangai.geojson"
  },
  "Tenkasi": {
    "count": 3245,
    "center": [
      9.071906391266225,
      77.41833832140338
    ],
    "bounds": [
      [
        8.743302660335303,
        77.16869650394656
      ],
      [
        9.400510122197145,
        77.66798013886019
      ]
    ],
    "file": "data/tenkasi.geojson"
  },
  "Thanjavur": {
    "count": 1447,
    "center": [
      10.6455751059868,
      79.17086160919216
    ],
    "bounds": [
      [
        10.13605067683421,
        78.7908742440096
      ],
      [
        11.155099535139394,
        79.55084897437472
      ]
    ],
    "file": "data/thanjavur.geojson"
  },
  "The Nilgiris": {
    "count": 13,
    "center": [
      11.550448091680396,
      76.6751620868513
    ],